n_evaluations,fitness_history
639.000000,0.423417
1150.000000,0.423417
