Number of function evaluations,Fitness history
639.000000,0.449856
1150.000000,0.447606
1661.000000,0.441758
2172.000000,0.409104
2683.000000,0.409104
3194.000000,0.396417
3705.000000,0.379896
4216.000000,0.372065
4727.000000,0.359735
5238.000000,0.339849
5749.000000,0.339849
6260.000000,0.336115
6771.000000,0.319038
7282.000000,0.319038
7793.000000,0.304370
