n_evaluations,fitness_history
639.000000,0.546413
1150.000000,0.543856
