Number of function evaluations,Fitness history
300.000000,-0.799724
500.000000,-0.809392
700.000000,-0.809392
900.000000,-0.809392
1100.000000,-0.809392
